0,1,2,3,4,5,6,Archivo
,,,,,,,01-Enero_unlocked
"222
223
224
225
226
227
228
229
230
231
232
233
234
235
236
237
238
239
240
241
242
243
244
245
246
247
248
249
250
251","02-01-2025
02-01-2025
02-01-2025
03-01-2025
03-01-2025
06-01-2025
06-01-2025
07-01-2025
07-01-2025
07-01-2025
07-01-2025
07-01-2025
07-01-2025
08-01-2025
08-01-2025
10-01-2025
10-01-2025
10-01-2025
10-01-2025
11-01-2025
11-01-2025
12-01-2025
12-01-2025
13-01-2025
13-01-2025
14-01-2025
14-01-2025
14-01-2025
14-01-2025
14-01-2025","02-01-2025
02-01-2025
02-01-2025
03-01-2025
03-01-2025
07-01-2025
07-01-2025
07-01-2025
07-01-2025
07-01-2025
07-01-2025
07-01-2025
07-01-2025
08-01-2025
08-01-2025
10-01-2025
10-01-2025
10-01-2025
10-01-2025
13-01-2025
13-01-2025
13-01-2025
13-01-2025
13-01-2025
13-01-2025
14-01-2025
14-01-2025
14-01-2025
14-01-2025
14-01-2025","IMPUESTO DECRETO
CAR DOMI TRA1030673038
DEV CAR TRATRANSFERE
IMPUESTO DECRETO
COMPRA POS ASC MISTER POMPY MANI
IMPUESTO DECRETO
COMPRA POS RED SR BONO TERMINAL
IMPUESTO DECRETO
COMPRA POS ASC TAXIS LIBRES
ANU. COM DECRETO
REVERSO COMPRA POS
IMPUESTO DECRETO
COMPRA POS RED TAXIS LIBRES BOGO
IMPUESTO DECRETO
COMPRA POS ASC ALIEXPRESS COM
IMPUESTO DECRETO
RETIRO CAJERO BBVA BARRIO RESTREPO
IMPUESTO DECRETO
COMPRA POS ASC NOTAR
IMPUESTO DECRETO
COMPRA POS RED H13 CREPESYWAFFLE
IMPUESTO DECRETO
COMPRA POS ASC KFC 7-17
IMPUESTO DECRETO
COMPRA POS ASC CENTRO COLOMBO AM
IMPUESTO DECRETO
RETIRO CAJERO BBVA BARRIO RESTREPO
IMPUESTO DECRETO
COMPRA POS ASC JUAN VALDEZ PLAZA
ANU. COM DECRETO","600.00
150,000.00
280.00
69,900.00
19.00
4,700.00
1.00
233.00
85.00
21,300.00
22.00
5,425.27
200.00
50,000.00
407.00
101,860.00
65.00
16,200.00
239.00
59,800.00
196.00
49,000.00
400.00
100,000.00
209.00
52,300.00","150,000.00
1.00
233.00
209.00","10,185,918.26
10,035,918.26
10,185,918.26
10,185,638.26
10,115,738.26
10,115,719.26
10,111,019.26
10,111,018.26
10,110,785.26
10,110,786.26
10,111,019.26
10,110,934.26
10,089,634.26
10,089,612.26
10,084,186.99
10,083,986.99
10,033,986.99
10,033,579.99
9,931,719.99
9,931,654.99
9,915,454.99
9,915,215.99
9,855,415.99
9,855,219.99
9,806,219.99
9,805,819.99
9,705,819.99
9,705,610.99
9,653,310.99
9,653,519.99",01-Enero_unlocked
,,,,,,,01-Enero_unlocked
"252
253
254
255
256
257
258
259
260
261
262
263
264
265
266
267
268
269
270
271
272
273
274
275
276
277
278
279
280
281
282
283
284","14-01-2025
14-01-2025
14-01-2025
14-01-2025
14-01-2025
15-01-2025
15-01-2025
17-01-2025
17-01-2025
18-01-2025
18-01-2025
18-01-2025
18-01-2025
20-01-2025
20-01-2025
21-01-2025
21-01-2025
26-01-2025
26-01-2025
26-01-2025
26-01-2025
26-01-2025
26-01-2025
27-01-2025
27-01-2025
28-01-2025
28-01-2025
30-01-2025
30-01-2025
30-01-2025
30-01-2025
30-01-2025
31-01-2025","14-01-2025
14-01-2025
14-01-2025
14-01-2025
14-01-2025
15-01-2025
15-01-2025
20-01-2025
20-01-2025
20-01-2025
20-01-2025
20-01-2025
20-01-2025
20-01-2025
20-01-2025
21-01-2025
21-01-2025
27-01-2025
27-01-2025
27-01-2025
27-01-2025
27-01-2025
27-01-2025
27-01-2025
27-01-2025
28-01-2025
28-01-2025
30-01-2025
30-01-2025
30-01-2025
31-01-2025
31-01-2025
31-01-2025","REVERSO COMPRA POS
IMPUESTO DECRETO
COMPRA POS ASC JUAN VALDEZ PLAZA
IMPUESTO DECRETO
COMPRA POS ASC SANDWICH SALSA DE
IMPUESTO DECRETO
COMPRA POS ASC OXXO SANTA MATILD
IMPUESTO DECRETO
COMPRA POS ASC aliexpress
IMPUESTO DECRETO
COMPRA POS RED CALENTAO DE LA OC
IMPUESTO DECRETO
COMPRA POS ASC CRUZ VERDE ACUNA
IMPUESTO DECRETO
COMPRA POS ASC ALIEXPRESS COM
IMPUESTO DECRETO
COMPRA POS ASC HAMBURGUESAS EL C
IMPUESTO DECRETO
PAGO ENLACE DE APLICATIVO
IMPUESTO DECRETO
COMPRA POS ASC VARIETALE
IMPUESTO DECRETO
COMPRA POS RED TIENDA D1 TIBANA
IMPUESTO DECRETO
RETIRO CAJERO BBVA BARRIO RESTREPO
IMPUESTO DECRETO
COMPRA POS ASC OXXO SANTA MATILD
ABONO DOMI. 860031028 CENTRO CORPORATIVO
IMPUESTO DECRETO
PAGO PSE COMERCIO O FACTURA ENLACE DE APLICATIVO
IMPUESTO DECRETO
COMPRA POS ASC ALIEXPRESS COM
ABONO INTERESES GANADOS","209.00
52,300.00
184.00
46,000.00
50.00
12,400.00
110.00
27,416.94
943.00
235,800.00
34.00
8,400.00
282.00
70,376.85
335.00
83,800.00
862.00
215,390.00
218.00
54,411.00
161.00
40,240.00
200.00
50,000.00
29.00
7,150.00
800.00
200,000.00
134.00
33,380.01","52,300.00
3,616,378.00
98.00","9,705,819.99
9,705,610.99
9,653,310.99
9,653,126.99
9,607,126.99
9,607,076.99
9,594,676.99
9,594,566.99
9,567,150.05
9,566,207.05
9,330,407.05
9,330,373.05
9,321,973.05
9,321,691.05
9,251,314.20
9,250,979.20
9,167,179.20
9,166,317.20
8,950,927.20
8,950,709.20
8,896,298.20
8,896,137.20
8,855,897.20
8,855,697.20
8,805,697.20
8,805,668.20
8,798,518.20
12,414,896.20
12,414,096.20
12,214,096.20
12,213,962.20
12,180,582.19
12,180,680.19",01-Enero_unlocked
,,,,,,,02-Febrero_unlocked
"285
286
287
288
289
290
291
292
293
294
295
296
297
298
299
300
301
302
303
304
305
306
307
308
309
310
311
312
313
314","01-02-2025
01-02-2025
01-02-2025
01-02-2025
02-02-2025
02-02-2025
03-02-2025
03-02-2025
04-02-2025
04-02-2025
05-02-2025
05-02-2025
06-02-2025
06-02-2025
07-02-2025
07-02-2025
07-02-2025
07-02-2025
09-02-2025
09-02-2025
10-02-2025
10-02-2025
11-02-2025
11-02-2025
11-02-2025
11-02-2025
11-02-2025
11-02-2025
12-02-2025
12-02-2025","03-02-2025
03-02-2025
03-02-2025
03-02-2025
03-02-2025
03-02-2025
03-02-2025
03-02-2025
04-02-2025
04-02-2025
05-02-2025
05-02-2025
06-02-2025
06-02-2025
07-02-2025
07-02-2025
07-02-2025
07-02-2025
10-02-2025
10-02-2025
10-02-2025
10-02-2025
11-02-2025
11-02-2025
11-02-2025
11-02-2025
11-02-2025
11-02-2025
12-02-2025
12-02-2025","IMPUESTO DECRETO
RETIRO CAJERO BBVA BARRIO RESTREPO
IMPUESTO DECRETO
COMPRA SEGURO DE HURTO ATM BARRIO RESTREPO
IMPUESTO DECRETO
COMPRA POS ASC CAPCUT
IMPUESTO DECRETO
COMPRA POS RED H11 CREPESYWAFFLE
IMPUESTO DECRETO
PAGO PSE COMERCIO O FACTURA ENLACE DE APLICATIVO
IMPUESTO DECRETO
COMPRA POS ASC CORRAL TITAN
IMPUESTO DECRETO
COMPRA POS ASC CENTRO COLOMBO AM
IMPUESTO DECRETO
COMPRA POS RED OMA TENJO SIEMENS
IMPUESTO DECRETO
RETIRO CAJERO BBVA
IMPUESTO DECRETO
COMPRA POS ASC CHORILONGO
IMPUESTO DECRETO
COMPRA POS ASC LA GRANDE CANT CE
IMPUESTO DECRETO
Transferiste desde BBVA MOVIL a Natalia Gonzalez ENLACE
IMPUESTO DECRETO
COMPRA POS ASC NEWREST CATERING
IMPUESTO DECRETO
COMPRA POS RED OMA TENJO SIEMENS
IMPUESTO DECRETO
RETIRO CAJERO BBVA BARRIO RESTREPO","400.00
100,000.00
13.00
3,350.00
160.00
39,900.00
56.00
13,900.00
2,000.00
500,000.00
148.00
36,900.00
3,876.00
969,000.00
18.00
4,500.00
200.00
50,000.00
263.00
65,715.00
291.00
72,745.00
620.00
155,000.00
90.00
22,400.00
84.00
20,900.00
200.00
50,000.00",,"12,180,280.19
12,080,280.19
12,080,267.19
12,076,917.19
12,076,757.19
12,036,857.19
12,036,801.19
12,022,901.19
12,020,901.19
11,520,901.19
11,520,753.19
11,483,853.19
11,479,977.19
10,510,977.19
10,510,959.19
10,506,459.19
10,506,259.19
10,456,259.19
10,455,996.19
10,390,281.19
10,389,990.19
10,317,245.19
10,316,625.19
10,161,625.19
10,161,535.19
10,139,135.19
10,139,051.19
10,118,151.19
10,117,951.19
10,067,951.19",02-Febrero_unlocked
,,,,,,,02-Febrero_unlocked
"315
316
317
318
319
320
321
322
323
324
325
326
327
328
329
330
331
332
333
334
335
336
337
338
339
340
341
342
343
344
345
346","13-02-2025
13-02-2025
13-02-2025
13-02-2025
14-02-2025
14-02-2025
16-02-2025
16-02-2025
17-02-2025
17-02-2025
18-02-2025
18-02-2025
19-02-2025
19-02-2025
23-02-2025
23-02-2025
24-02-2025
24-02-2025
24-02-2025
24-02-2025
25-02-2025
25-02-2025
26-02-2025
26-02-2025
26-02-2025
26-02-2025
26-02-2025
26-02-2025
27-02-2025
27-02-2025
27-02-2025
28-02-2025","14-02-2025
14-02-2025
14-02-2025
14-02-2025
14-02-2025
14-02-2025
17-02-2025
17-02-2025
18-02-2025
18-02-2025
18-02-2025
18-02-2025
19-02-2025
19-02-2025
24-02-2025
24-02-2025
24-02-2025
24-02-2025
24-02-2025
24-02-2025
25-02-2025
25-02-2025
26-02-2025
26-02-2025
26-02-2025
26-02-2025
26-02-2025
26-02-2025
27-02-2025
27-02-2025
27-02-2025
28-02-2025","IMPUESTO DECRETO
COMPRA POS RED BOGOTA BEER COMPA
IMPUESTO DECRETO
COMPRA POS ASC OXXO SANTA MATILD
IMPUESTO DECRETO
COMPRA POS ASC ILFORNO WAJACA TI
IMPUESTO DECRETO
COMPRA POS ASC aliexpress
IMPUESTO DECRETO
COMPRA POS ASC OXXO SANTA MATILD
IMPUESTO DECRETO
RETIRO CAJERO BBVA BARRIO RESTREPO
IMPUESTO DECRETO
COMPRA POS ASC TJV BARRA INST MA
IMPUESTO DECRETO
PAGO ENLACE DE APLICATIVO
IMPUESTO DECRETO
COMPRA POS RED MAKRO AVE BOYACA
IMPUESTO DECRETO
COMPRA POS ASC LIBRERIA Y D/DORA
IMPUESTO DECRETO
COMPRA POS ASC BRASAS Y POLLOS M
IMPUESTO DECRETO
COMPRA POS RED CONSULTORIO ODONT
IMPUESTO DECRETO
COMPRA POS ASC BOLD*radiologico
IMPUESTO DECRETO
PAGO PSE COMERCIO O FACTURA ENLACE DE APLICATIVO
ABONO DOMI. 860031028 CENTRO CORPORATIVO
IMPUESTO DECRETO
COMPRA POS ASC BRASAS Y POLLOS M
ABONO INTERESES GANADOS","156.00
38,900.00
37.00
9,200.00
181.00
45,277.00
77.00
19,280.79
47.00
11,850.00
400.00
100,000.00
88.00
22,000.00
599.00
149,860.00
15.00
3,800.00
700.00
175,000.00
284.00
70,900.00
1,680.00
420,000.00
140.00
35,000.00
200.00
50,000.00
284.00
70,900.00","3,468,330.00
105.00","10,067,795.19
10,028,895.19
10,028,858.19
10,019,658.19
10,019,477.19
9,974,200.19
9,974,123.19
9,954,842.40
9,954,795.40
9,942,945.40
9,942,545.40
9,842,545.40
9,842,457.40
9,820,457.40
9,819,858.40
9,669,998.40
9,669,983.40
9,666,183.40
9,665,483.40
9,490,483.40
9,490,199.40
9,419,299.40
9,417,619.40
8,997,619.40
8,997,479.40
8,962,479.40
8,962,279.40
8,912,279.40
12,380,609.40
12,380,325.40
12,309,425.40
12,309,530.40",02-Febrero_unlocked
,,,,,,,03-Marzo_unlocked
"347
348
349
350
351
352
353
354
355
356
357
358
359
360
361
362
363
364
365
366
367
368
369
370
371
372
373
374
375
376","01-03-2025
01-03-2025
03-03-2025
03-03-2025
03-03-2025
03-03-2025
04-03-2025
04-03-2025
06-03-2025
06-03-2025
07-03-2025
07-03-2025
07-03-2025
07-03-2025
07-03-2025
07-03-2025
11-03-2025
11-03-2025
11-03-2025
11-03-2025
11-03-2025
11-03-2025
12-03-2025
12-03-2025
14-03-2025
14-03-2025
15-03-2025
15-03-2025
15-03-2025
15-03-2025","03-03-2025
03-03-2025
03-03-2025
03-03-2025
04-03-2025
04-03-2025
04-03-2025
04-03-2025
06-03-2025
06-03-2025
07-03-2025
07-03-2025
07-03-2025
07-03-2025
10-03-2025
10-03-2025
11-03-2025
11-03-2025
11-03-2025
11-03-2025
11-03-2025
11-03-2025
12-03-2025
12-03-2025
14-03-2025
14-03-2025
17-03-2025
17-03-2025
17-03-2025
17-03-2025","IMPUESTO DECRETO
COMPRA POS ASC BOLD*T Tea For U
IMPUESTO DECRETO
COMPRA POS ASC DROGAS LA REBAJA
IMPUESTO DECRETO
COMPRA POS ASC ALIEXPRESS COM
IMPUESTO DECRETO
COMPRA POS ASC TDA DE CAFE JUAN
IMPUESTO DECRETO
PAGO PSE COMERCIO O FACTURA ENLACE DE APLICATIVO
IMPUESTO DECRETO
COMPRA POS ASC BRASAS Y POLLOS M
IMPUESTO DECRETO
COMPRA POS ASC CAC*LA FARMACIA C
IMPUESTO DECRETO
COMPRA POS ASC M J E FOOD
IMPUESTO DECRETO
RETIRO CAJERO BBVA BARRIO RESTREPO
IMPUESTO DECRETO
COMPRA POS RED RESTAURANTE LA FE
IMPUESTO DECRETO
COMPRA POS ASC TDA DE CAFE JUAN
IMPUESTO DECRETO
COMPRA POS ASC TDA DE CAFE JUAN
IMPUESTO DECRETO
COMPRA POS RED CENTRO EMPRESARIA
IMPUESTO DECRETO
COMPRA POS ASC BOLD*Restaurante
IMPUESTO DECRETO
COMPRA POS RED HOME BURGERS 20 C","94.00
23,500.00
361.00
90,300.00
145.00
36,331.51
32.00
7,900.00
2,796.00
699,000.00
284.00
70,900.00
40.00
10,000.00
206.00
51,400.00
1,200.00
300,000.00
1,117.00
279,157.00
29.00
7,300.00
46.00
11,500.00
76.00
19,100.00
380.00
95,000.00
280.00
70,100.00",,"12,309,436.40
12,285,936.40
12,285,575.40
12,195,275.40
12,195,130.40
12,158,798.89
12,158,766.89
12,150,866.89
12,148,070.89
11,449,070.89
11,448,786.89
11,377,886.89
11,377,846.89
11,367,846.89
11,367,640.89
11,316,240.89
11,315,040.89
11,015,040.89
11,013,923.89
10,734,766.89
10,734,737.89
10,727,437.89
10,727,391.89
10,715,891.89
10,715,815.89
10,696,715.89
10,696,335.89
10,601,335.89
10,601,055.89
10,530,955.89",03-Marzo_unlocked
,,,,,,,03-Marzo_unlocked
"377
378
379
380
381
382
383
384
385
386
387
388
389
390
391
392
393
394
395
396
397
398
399
400
401
402
403
404
405
406
407
408
409
410
411
412
413
414
415
416
417
418
419
420
421
422","15-03-2025
15-03-2025
16-03-2025
16-03-2025
16-03-2025
16-03-2025
16-03-2025
16-03-2025
16-03-2025
16-03-2025
17-03-2025
17-03-2025
19-03-2025
19-03-2025
19-03-2025
19-03-2025
20-03-2025
20-03-2025
21-03-2025
21-03-2025
21-03-2025
21-03-2025
21-03-2025
21-03-2025
25-03-2025
25-03-2025
25-03-2025
25-03-2025
26-03-2025
26-03-2025
27-03-2025
27-03-2025
28-03-2025
28-03-2025
28-03-2025
29-03-2025
29-03-2025
29-03-2025
29-03-2025
29-03-2025
29-03-2025
31-03-2025
31-03-2025
31-03-2025
31-03-2025
31-03-2025","17-03-2025
17-03-2025
17-03-2025
17-03-2025
17-03-2025
17-03-2025
17-03-2025
17-03-2025
17-03-2025
17-03-2025
17-03-2025
17-03-2025
19-03-2025
19-03-2025
19-03-2025
19-03-2025
20-03-2025
20-03-2025
21-03-2025
21-03-2025
21-03-2025
21-03-2025
25-03-2025
25-03-2025
25-03-2025
25-03-2025
25-03-2025
25-03-2025
26-03-2025
26-03-2025
27-03-2025
27-03-2025
28-03-2025
28-03-2025
28-03-2025
31-03-2025
31-03-2025
31-03-2025
31-03-2025
31-03-2025
31-03-2025
31-03-2025
31-03-2025
31-03-2025
31-03-2025
31-03-2025","IMPUESTO DECRETO
COMPRA POS RED AV DORADO PREMIUM
IMPUESTO DECRETO
COMPRA POS ASC PANAMERICANA LIB
IMPUESTO DECRETO
COMPRA POS RED DUNKIN DONUTS
IMPUESTO DECRETO
COMPRA POS ASC DROGUERIA CRUZ VE
IMPUESTO DECRETO
COMPRA POS ASC LC SM PLAZA DE LA
IMPUESTO DECRETO
COMPRA POS ASC TDA DE CAFE JUAN
IMPUESTO DECRETO
COMPRA POS RED FRISBY TITAN
IMPUESTO DECRETO
COMPRA POS ASC TDA DE CAFE JUAN
IMPUESTO DECRETO
COMPRA POS ASC ILFORNO WAJACA TI
IMPUESTO DECRETO
PAGO PSE COMERCIO O FACTURA ENLACE DE APLICATIVO
IMPUESTO DECRETO
COMPRA POS ASC TDA DE CAFE JUAN
IMPUESTO DECRETO
COMPRA POS ASC ALIEXPRESS COM
IMPUESTO DECRETO
PAGO ENLACE DE APLICATIVO
IMPUESTO DECRETO
COMPRA POS ASC TDA DE CAFE JUAN
IMPUESTO DECRETO
COMPRA POS ASC TDA DE CAFE JUAN
IMPUESTO DECRETO
COMPRA POS ASC OXXO SANTA MATILD
ABONO DOMI. 860031028 CENTRO CORPORATIVO
IMPUESTO DECRETO
COMPRA POS ASC TDA DE CAFE JUAN
IMPUESTO DECRETO
COMPRA POS ASC ARBOL DE VIDA
IMPUESTO DECRETO
COMPRA POS ASC BOLD*Ahumao Cilin
IMPUESTO DECRETO
COMPRA POS ASC FRATTOSAVERIO SAS
IMPUESTO DECRETO
COMPRA POS ASC OXXO SANTA MATILD
IMPUESTO DECRETO
COMPRA POS ASC TDA DE CAFE JUAN
ABONO INTERESES GANADOS","94.00
23,500.00
662.00
165,400.00
104.00
26,000.00
65.00
16,293.00
1,055.00
263,800.00
32.00
7,900.00
270.00
67,500.00
32.00
7,900.00
181.00
45,277.00
1,200.00
300,000.00
46.00
11,500.00
128.00
31,938.69
609.00
152,290.00
32.00
7,900.00
28.00
6,900.00
61.00
15,350.00
36.00
8,900.00
880.00
220,000.00
1,126.00
281,430.00
84.00
21,000.00
58.00
14,550.00
32.00
7,900.00","3,551,790.00
110.00","10,530,861.89
10,507,361.89
10,506,699.89
10,341,299.89
10,341,195.89
10,315,195.89
10,315,130.89
10,298,837.89
10,297,782.89
10,033,982.89
10,033,950.89
10,026,050.89
10,025,780.89
9,958,280.89
9,958,248.89
9,950,348.89
9,950,167.89
9,904,890.89
9,903,690.89
9,603,690.89
9,603,644.89
9,592,144.89
9,592,016.89
9,560,078.20
9,559,469.20
9,407,179.20
9,407,147.20
9,399,247.20
9,399,219.20
9,392,319.20
9,392,258.20
9,376,908.20
12,928,698.20
12,928,662.20
12,919,762.20
12,918,882.20
12,698,882.20
12,697,756.20
12,416,326.20
12,416,242.20
12,395,242.20
12,395,184.20
12,380,634.20
12,380,602.20
12,372,702.20
12,372,812.20",03-Marzo_unlocked
,,,,,,,04-Abril_unlocked
"423
424
425
426
427
428
429
430
431
432
433
434
435
436
437
438
439
440
441
442
443
444
445
446
447
448
449
450
451
452","02-04-2025
02-04-2025
03-04-2025
03-04-2025
03-04-2025
03-04-2025
04-04-2025
04-04-2025
04-04-2025
04-04-2025
08-04-2025
08-04-2025
10-04-2025
10-04-2025
10-04-2025
10-04-2025
11-04-2025
11-04-2025
13-04-2025
13-04-2025
13-04-2025
13-04-2025
13-04-2025
13-04-2025
13-04-2025
13-04-2025
13-04-2025
13-04-2025
13-04-2025
13-04-2025","02-04-2025
02-04-2025
03-04-2025
03-04-2025
03-04-2025
03-04-2025
04-04-2025
04-04-2025
04-04-2025
04-04-2025
08-04-2025
08-04-2025
10-04-2025
10-04-2025
10-04-2025
10-04-2025
11-04-2025
11-04-2025
14-04-2025
14-04-2025
14-04-2025
14-04-2025
14-04-2025
14-04-2025
14-04-2025
14-04-2025
14-04-2025
14-04-2025
14-04-2025
14-04-2025","IMPUESTO DECRETO
COMPRA POS ASC TDA DE CAFE JUAN
IMPUESTO DECRETO
PAGO PSE COMERCIO O FACTURA ENLACE DE APLICATIVO
IMPUESTO DECRETO
COMPRA POS ASC TDA DE CAFE JUAN
IMPUESTO DECRETO
COMPRA POS ASC KO ASIAN KITCHEN
IMPUESTO DECRETO
COMPRA POS ASC OXXO MULTICENTRO
IMPUESTO DECRETO
COMPRA POS ASC TDA DE CAFE JUAN
IMPUESTO DECRETO
COMPRA POS ASC BRASAS Y POLLOS M
IMPUESTO DECRETO
COMPRA POS ASC TDA DE CAFE JUAN
IMPUESTO DECRETO
COMPRA POS ASC TDA DE CAFE JUAN
IMPUESTO DECRETO
COMPRA POS ASC HAMBURGUESAS EL C
IMPUESTO DECRETO
COMPRA POS ASC TOTTO BOGOTA CENT
IMPUESTO DECRETO
COMPRA POS ASC DECATHLON CENTRO
IMPUESTO DECRETO
COMPRA POS ASC ARTURO CALLE
IMPUESTO DECRETO
COMPRA POS ASC BRAHMA CONCEPT
IMPUESTO DECRETO
COMPRA POS ASC OPTICAS GMO COLOM","36.00
8,900.00
2,796.00
699,000.00
46.00
11,500.00
356.00
88,969.00
92.00
22,900.00
46.00
11,500.00
212.00
52,900.00
32.00
7,900.00
32.00
7,900.00
339.00
84,800.00
1,792.00
447,920.00
408.00
102,000.00
2,050.00
512,600.00
1,000.00
249,900.00
11,000.00
2,750,000.00",,"12,372,776.20
12,363,876.20
12,361,080.20
11,662,080.20
11,662,034.20
11,650,534.20
11,650,178.20
11,561,209.20
11,561,117.20
11,538,217.20
11,538,171.20
11,526,671.20
11,526,459.20
11,473,559.20
11,473,527.20
11,465,627.20
11,465,595.20
11,457,695.20
11,457,356.20
11,372,556.20
11,370,764.20
10,922,844.20
10,922,436.20
10,820,436.20
10,818,386.20
10,305,786.20
10,304,786.20
10,054,886.20
10,043,886.20
7,293,886.20",04-Abril_unlocked
,,,,,,,04-Abril_unlocked
"453
454
455
456
457
458
459
460
461
462
463
464
465
466
467
468
469
470
471
472
473
474
475
476
477
478
479
480
481
482
483
484
485
486
487
488","13-04-2025
13-04-2025
13-04-2025
13-04-2025
15-04-2025
15-04-2025
15-04-2025
15-04-2025
15-04-2025
15-04-2025
16-04-2025
16-04-2025
23-04-2025
23-04-2025
24-04-2025
24-04-2025
24-04-2025
24-04-2025
26-04-2025
26-04-2025
26-04-2025
26-04-2025
27-04-2025
27-04-2025
27-04-2025
27-04-2025
27-04-2025
27-04-2025
28-04-2025
28-04-2025
29-04-2025
29-04-2025
29-04-2025
29-04-2025
29-04-2025
30-04-2025","14-04-2025
14-04-2025
14-04-2025
14-04-2025
15-04-2025
15-04-2025
15-04-2025
15-04-2025
15-04-2025
15-04-2025
16-04-2025
16-04-2025
24-04-2025
24-04-2025
24-04-2025
24-04-2025
24-04-2025
24-04-2025
28-04-2025
28-04-2025
28-04-2025
28-04-2025
28-04-2025
28-04-2025
28-04-2025
28-04-2025
28-04-2025
28-04-2025
28-04-2025
28-04-2025
29-04-2025
29-04-2025
29-04-2025
29-04-2025
29-04-2025
30-04-2025","IMPUESTO DECRETO
COMPRA POS ASC OXXO SANTA MATILD
IMPUESTO DECRETO
COMPRA POS ASC WL *STEAM PURCHAS
IMPUESTO DECRETO
COMPRA POS RED R35 CREPESYWAFFLE
IMPUESTO DECRETO
RETIRO CAJERO BBVA BARRIO RESTREPO
IMPUESTO DECRETO
COMPRA POS ASC DROGAS LA REBAJA
IMPUESTO DECRETO
PAGO PSE COMERCIO O FACTURA ENLACE DE APLICATIVO
IMPUESTO DECRETO
COMPRA POS ASC OXXO SANTA MATILD
IMPUESTO DECRETO
PAGO ENLACE DE APLICATIVO
IMPUESTO DECRETO
COMPRA POS ASC EL CARNAL CITYU
IMPUESTO DECRETO
COMPRA POS ASC ARBOL DE VIDA
IMPUESTO DECRETO
COMPRA POS RED LA LUCHA SANGUCHE
IMPUESTO DECRETO
COMPRA POS RED CALENTAO DE LA OC
IMPUESTO DECRETO
COMPRA POS ASC OXXO LA ESTRELLA
IMPUESTO DECRETO
COMPRA POS ASC FULLCARGA COLOMBI
IMPUESTO DECRETO
PAGO PSE COMERCIO O FACTURA ENLACE DE APLICATIVO
ABONO DOMI. 860031028 CENTRO CORPORATIVO
IMPUESTO DECRETO
COMPRA POS ASC TDA DE CAFE JUAN
IMPUESTO DECRETO
COMPRA POS ASC SPID 35 CARRERA 3
ABONO INTERESES GANADOS","11.00
2,700.00
240.00
59,999.00
155.00
38,868.00
1,200.00
300,000.00
116.00
29,000.00
1,000.00
250,000.00
28.00
6,950.00
623.00
155,810.00
162.00
40,400.00
880.00
220,000.00
210.00
52,526.00
470.00
117,600.00
10.00
2,600.00
124.00
30,900.00
800.00
200,000.00
46.00
11,500.00
18.00
4,510.00","3,536,800.00
89.00","7,293,875.20
7,291,175.20
7,290,935.20
7,230,936.20
7,230,781.20
7,191,913.20
7,190,713.20
6,890,713.20
6,890,597.20
6,861,597.20
6,860,597.20
6,610,597.20
6,610,569.20
6,603,619.20
6,602,996.20
6,447,186.20
6,447,024.20
6,406,624.20
6,405,744.20
6,185,744.20
6,185,534.20
6,133,008.20
6,132,538.20
6,014,938.20
6,014,928.20
6,012,328.20
6,012,204.20
5,981,304.20
5,980,504.20
5,780,504.20
9,317,304.20
9,317,258.20
9,305,758.20
9,305,740.20
9,301,230.20
9,301,319.20",04-Abril_unlocked
,,,,,,,05-Mayo_unlocked
"488
489
491
492
493
494
495
496
497
498
499
500
501
502
503
504
505
506
507
508
509
510
511
512
513
514
515
516
517
518","30-04-2025
30-04-2025
01-05-2025
01-05-2025
01-05-2025
01-05-2025
01-05-2025
01-05-2025
02-05-2025
02-05-2025
04-05-2025
04-05-2025
04-05-2025
04-05-2025
04-05-2025
04-05-2025
05-05-2025
05-05-2025
06-05-2025
07-05-2025
07-05-2025
08-05-2025
08-05-2025
09-05-2025
09-05-2025
10-05-2025
10-05-2025
10-05-2025
10-05-2025
11-05-2025","02-05-2025
02-05-2025
02-05-2025
02-05-2025
02-05-2025
02-05-2025
02-05-2025
02-05-2025
02-05-2025
02-05-2025
05-05-2025
05-05-2025
05-05-2025
05-05-2025
05-05-2025
05-05-2025
06-05-2025
06-05-2025
06-05-2025
07-05-2025
07-05-2025
08-05-2025
08-05-2025
09-05-2025
09-05-2025
12-05-2025
12-05-2025
12-05-2025
12-05-2025
12-05-2025","CARGO POR IMPUESTO 4X1.000
COMPRA POS ASC BREWPUB
CARGO POR IMPUESTO 4X1.000
COMPRA POS ASC DLO*DiDi CO Payin
ANU. COM DECRETO
REVERSO COMPRA POS
CARGO POR IMPUESTO 4X1.000
COMPRA POS ASC DLO*DiDi Food CO
CARGO POR IMPUESTO 4X1.000
COMPRA POS ASC TDA DE CAFE JUAN
CARGO POR IMPUESTO 4X1.000
PAGO PSE COMERCIO O FACTURA ENLACE DE APLICATIVO
CARGO POR IMPUESTO 4X1.000
PAGO PSE COMERCIO O FACTURA ENLACE DE APLICATIVO
CARGO POR IMPUESTO 4X1.000
COMPRA POS ASC HOMECENTER CEDRIT
CARGO POR IMPUESTO 4X1.000
PAGO PSE COMERCIO O FACTURA ENLACE DE APLICATIVO
RECIBISTE DINERO BBVA MOVIL ENLACE DE APLICATIVO
CARGO POR IMPUESTO 4X1.000
COMPRA POS ASC TDA DE CAFE JUAN
CARGO POR IMPUESTO 4X1.000
COMPRA POS ASC TDA DE CAFE JUAN
CARGO POR IMPUESTO 4X1.000
COMPRA POS RED NOVAVENTA BOG COD
CARGO POR IMPUESTO 4X1.000
COMPRA POS RED ALMACENES ATENAS
CARGO POR IMPUESTO 4X1.000
COMPRA POS ASC TIENDA D1 LOS JUN
CARGO POR IMPUESTO 4X1.000","512.00
128,044.00
1.00
300.00
84.00
21,050.00
32.00
7,900.00
6,352.00
1,588,120.00
1,471.00
367,700.00
366.00
91,500.00
2,656.00
664,050.00
36.00
8,900.00
36.00
8,900.00
7.00
1,800.00
492.00
123,000.00
267.00
66,860.00
114.00","1.00
300.00
9,700.00","9,300,807.20
9,172,763.20
9,172,762.20
9,172,462.20
9,172,463.20
9,172,763.20
9,172,679.20
9,151,629.20
9,151,597.20
9,143,697.20
9,137,345.20
7,549,225.20
7,547,754.20
7,180,054.20
7,179,688.20
7,088,188.20
7,085,532.20
6,421,482.20
6,431,182.20
6,431,146.20
6,422,246.20
6,422,210.20
6,413,310.20
6,413,303.20
6,411,503.20
6,411,011.20
6,288,011.20
6,287,744.20
6,220,884.20
6,220,770.20",05-Mayo_unlocked
,,,,,,,05-Mayo_unlocked
"519
520
521
522
523
524
525
526
527
528
529
530
531
532
533
534
535
536
537
538
539
540
541
542
543
544
545
546
547
548
549
550
551
552
553
554
555
556
557
558
559
560
561
562
563
564
565
566
567
568
569
570
571
572
573
574","11-05-2025
11-05-2025
11-05-2025
11-05-2025
11-05-2025
11-05-2025
11-05-2025
13-05-2025
13-05-2025
13-05-2025
13-05-2025
14-05-2025
14-05-2025
14-05-2025
14-05-2025
15-05-2025
15-05-2025
15-05-2025
15-05-2025
16-05-2025
17-05-2025
17-05-2025
17-05-2025
17-05-2025
18-05-2025
18-05-2025
18-05-2025
18-05-2025
21-05-2025
21-05-2025
22-05-2025
22-05-2025
24-05-2025
24-05-2025
24-05-2025
24-05-2025
25-05-2025
25-05-2025
25-05-2025
25-05-2025
26-05-2025
26-05-2025
26-05-2025
26-05-2025
29-05-2025
29-05-2025
29-05-2025
29-05-2025
29-05-2025
30-05-2025
30-05-2025
30-05-2025
30-05-2025
30-05-2025
30-05-2025
30-05-2025","12-05-2025
12-05-2025
12-05-2025
12-05-2025
12-05-2025
12-05-2025
12-05-2025
13-05-2025
13-05-2025
13-05-2025
13-05-2025
14-05-2025
14-05-2025
14-05-2025
14-05-2025
15-05-2025
15-05-2025
15-05-2025
15-05-2025
16-05-2025
19-05-2025
19-05-2025
19-05-2025
19-05-2025
19-05-2025
19-05-2025
19-05-2025
19-05-2025
21-05-2025
21-05-2025
23-05-2025
23-05-2025
26-05-2025
26-05-2025
26-05-2025
26-05-2025
26-05-2025
26-05-2025
26-05-2025
26-05-2025
26-05-2025
26-05-2025
27-05-2025
27-05-2025
29-05-2025
29-05-2025
29-05-2025
29-05-2025
29-05-2025
30-05-2025
30-05-2025
30-05-2025
30-05-2025
30-05-2025
30-05-2025
31-05-2025","COMPRA POS ASC MPO*MERCADO PAGO
CARGO POR IMPUESTO 4X1.000
COMPRA POS ASC ALIEXPRESS COM
CARGO POR IMPUESTO 4X1.000
COMPRA POS ASC aliexpress
CARGO POR IMPUESTO 4X1.000
COMPRA POS ASC LH CEDRITOS
CARGO POR IMPUESTO 4X1.000
PAGO PSE COMERCIO O FACTURA ENLACE DE APLICATIVO
CARGO POR IMPUESTO 4X1.000
COMPRA POS ASC TDA DE CAFE JUAN
CARGO POR IMPUESTO 4X1.000
PAGO PSE COMERCIO O FACTURA ENLACE DE APLICATIVO
CARGO POR IMPUESTO 4X1.000
COMPRA POS ASC DLO*DiDi Food CO
CARGO POR IMPUESTO 4X1.000
COMPRA POS RED OMA TENJO SIEMENS
CARGO POR IMPUESTO 4X1.000
COMPRA POS RED TAXIS LIBRES BOGO
RECIBISTE DINERO BBVA MOVIL ENLACE DE APLICATIVO
CARGO POR IMPUESTO 4X1.000
PAGO PSE COMERCIO O FACTURA ENLACE DE APLICATIVO
CARGO POR IMPUESTO 4X1.000
COMPRA POS RED ARBOL DE VIDA
CARGO POR IMPUESTO 4X1.000
PAGO PSE COMERCIO O FACTURA ENLACE DE APLICATIVO
CARGO POR IMPUESTO 4X1.000
COMPRA POS ASC BOLD*Lluvia de po
CARGO POR IMPUESTO 4X1.000
COMPRA POS ASC TDA DE CAFE JUAN
CARGO POR IMPUESTO 4X1.000
COMPRA POS RED TURMEQUE SANTA BA
CARGO POR IMPUESTO 4X1.000
PAGO PSE COMERCIO O FACTURA ENLACE DE APLICATIVO
CARGO POR IMPUESTO 4X1.000
PAGO PSE COMERCIO O FACTURA ENLACE DE APLICATIVO
CARGO POR IMPUESTO 4X1.000
COMPRA POS ASC BOLD*Raviolera Ce
CARGO POR IMPUESTO 4X1.000
COMPRA POS ASC GOOGLE *Google On
CARGO POR IMPUESTO 4X1.000
COMPRA POS ASC DROGUERIA CAFAM B
CARGO POR IMPUESTO 4X1.000
RETIRO CAJERO BBVA CEDRITOS
ABONO DOMI. 860031028 CENTRO CORPORATIVO
CARGO POR IMPUESTO 4X1.000
COMPRA POS ASC DLO*DiDi Food CO
CARGO POR IMPUESTO 4X1.000
COMPRA POS ASC TDA DE CAFE JUAN
CARGO POR IMPUESTO 4X1.000
PAGO PSE COMERCIO O FACTURA ENLACE DE APLICATIVO
CARGO POR IMPUESTO 4X1.000
COMPRA POS ASC DLO*DiDi Food CO
CARGO POR IMPUESTO 4X1.000
PAGO PSE COMERCIO O FACTURA ENLACE DE APLICATIVO
ABONO INTERESES GANADOS","28,485.00
199.00
49,793.82
35.00
8,763.18
207.00
51,700.00
400.00
100,000.00
32.00
7,900.00
100.00
25,000.00
62.00
15,580.00
27.00
6,800.00
119.00
29,800.00
45.00
11,260.00
1,140.00
285,000.00
800.00
200,000.00
144.00
36,000.00
52.00
13,000.00
581.00
145,246.00
400.00
100,000.00
401.00
100,210.00
216.00
54,000.00
8.00
2,000.00
80.00
20,000.00
200.00
50,000.00
139.00
34,833.00
167.00
41,700.00
143.00
35,835.00
116.00
28,905.00
4,192.00
1,048,000.00","13,000.00
3,735,501.00
64.00","6,192,285.20
6,192,086.20
6,142,292.38
6,142,257.38
6,133,494.20
6,133,287.20
6,081,587.20
6,081,187.20
5,981,187.20
5,981,155.20
5,973,255.20
5,973,155.20
5,948,155.20
5,948,093.20
5,932,513.20
5,932,486.20
5,925,686.20
5,925,567.20
5,895,767.20
5,908,767.20
5,908,722.20
5,897,462.20
5,896,322.20
5,611,322.20
5,610,522.20
5,410,522.20
5,410,378.20
5,374,378.20
5,374,326.20
5,361,326.20
5,360,745.20
5,215,499.20
5,215,099.20
5,115,099.20
5,114,698.20
5,014,488.20
5,014,272.20
4,960,272.20
4,960,264.20
4,958,264.20
4,958,184.20
4,938,184.20
4,937,984.20
4,887,984.20
8,623,485.20
8,623,346.20
8,588,513.20
8,588,346.20
8,546,646.20
8,546,503.20
8,510,668.20
8,510,552.20
8,481,647.20
8,477,455.20
7,429,455.20
7,429,519.20",05-Mayo_unlocked
,,,,,,,06-Junio_unlocked
"575
576
577
578
579
580
581
582
583
584
585
586
587
588
589
590
591
592
593
594
595
596
597
598
599
600
601
602
603
604","31-05-2025
31-05-2025
31-05-2025
31-05-2025
01-06-2025
01-06-2025
02-06-2025
02-06-2025
02-06-2025
02-06-2025
03-06-2025
03-06-2025
03-06-2025
03-06-2025
04-06-2025
04-06-2025
04-06-2025
04-06-2025
05-06-2025
05-06-2025
05-06-2025
05-06-2025
05-06-2025
05-06-2025
05-06-2025
05-06-2025
06-06-2025
06-06-2025
06-06-2025
06-06-2025","03-06-2025
03-06-2025
03-06-2025
03-06-2025
03-06-2025
03-06-2025
03-06-2025
03-06-2025
03-06-2025
03-06-2025
03-06-2025
03-06-2025
04-06-2025
04-06-2025
04-06-2025
04-06-2025
04-06-2025
04-06-2025
05-06-2025
05-06-2025
05-06-2025
05-06-2025
05-06-2025
05-06-2025
06-06-2025
06-06-2025
06-06-2025
06-06-2025
06-06-2025
06-06-2025","CARGO POR IMPUESTO 4X1.000
PAGO PSE COMERCIO O FACTURA ENLACE DE APLICATIVO
CARGO POR IMPUESTO 4X1.000
COMPRA POS RED DILUCCA SALITRE
CARGO POR IMPUESTO 4X1.000
COMPRA POS ASC TIENDA D1 TIBANA
CARGO POR IMPUESTO 4X1.000
COMPRA POS ASC DLO*DiDi Food CO
CARGO POR IMPUESTO 4X1.000
COMPRA POS ASC TIENDAS ARA
CARGO POR IMPUESTO 4X1.000
COMPRA POS ASC TDA DE CAFE JUAN
CARGO POR IMPUESTO 4X1.000
ENVIO POR TRANSFIYA APP BBVA ENLACE DE APLICATIVO
CARGO POR IMPUESTO 4X1.000
PAGO PSE COMERCIO O FACTURA ENLACE DE APLICATIVO
CARGO POR IMPUESTO 4X1.000
COMPRA POS ASC DLO*DiDi Food CO
CARGO POR IMPUESTO 4X1.000
COMPRA POS ASC DLO*DiDi Food CO
CARGO POR IMPUESTO 4X1.000
PAGO PSE COMERCIO O FACTURA ENLACE DE APLICATIVO
CARGO POR IMPUESTO 4X1.000
COMPRA POS ASC OXXO EDS LAS AGUA
CARGO POR IMPUESTO 4X1.000
PAGO PSE COMERCIO O FACTURA ENLACE DE APLICATIVO
CARGO POR IMPUESTO 4X1.000
PAGO PSE COMERCIO O FACTURA ENLACE DE APLICATIVO
CARGO POR IMPUESTO 4X1.000
COMPRA POS ASC TDA DE CAFE JUAN","400.00
100,000.00
680.00
169,898.00
361.00
90,210.00
90.00
22,425.00
553.00
138,270.00
36.00
8,900.00
3,200.00
800,000.00
500.00
124,900.00
87.00
21,800.00
87.00
21,700.00
1,000.00
249,900.00
11.00
2,800.00
134.00
33,415.00
400.00
100,000.00
32.00
7,900.00",,"7,429,119.20
7,329,119.20
7,328,439.20
7,158,541.20
7,158,180.20
7,067,970.20
7,067,880.20
7,045,455.20
7,044,902.20
6,906,632.20
6,906,596.20
6,897,696.20
6,894,496.20
6,094,496.20
6,093,996.20
5,969,096.20
5,969,009.20
5,947,209.20
5,947,122.20
5,925,422.20
5,924,422.20
5,674,522.20
5,674,511.20
5,671,711.20
5,671,577.20
5,638,162.20
5,637,762.20
5,537,762.20
5,537,730.20
5,529,830.20",06-Junio_unlocked
,,,,,,,06-Junio_unlocked
"605
606
607
608
609
610
611
612
613
614
615
616
617
618
619
620
621
622
623
624
625
626
627
628
629
630
631
632
633
634
635
636
637
638
639
640
641
642
643
644
645
646
647
648
649
650
651
652
653
654
655
656
657
658
659
660
661
662
663
664
665
666
667
668
669
670
671
672","07-06-2025
07-06-2025
08-06-2025
08-06-2025
08-06-2025
08-06-2025
10-06-2025
10-06-2025
11-06-2025
11-06-2025
12-06-2025
12-06-2025
14-06-2025
14-06-2025
14-06-2025
14-06-2025
15-06-2025
15-06-2025
15-06-2025
15-06-2025
15-06-2025
15-06-2025
15-06-2025
15-06-2025
16-06-2025
16-06-2025
17-06-2025
17-06-2025
17-06-2025
17-06-2025
17-06-2025
17-06-2025
18-06-2025
18-06-2025
18-06-2025
18-06-2025
19-06-2025
19-06-2025
20-06-2025
20-06-2025
20-06-2025
20-06-2025
22-06-2025
22-06-2025
23-06-2025
23-06-2025
23-06-2025
23-06-2025
24-06-2025
24-06-2025
24-06-2025
24-06-2025
24-06-2025
24-06-2025
24-06-2025
24-06-2025
25-06-2025
25-06-2025
25-06-2025
25-06-2025
25-06-2025
25-06-2025
26-06-2025
26-06-2025
26-06-2025
27-06-2025
27-06-2025
27-06-2025","09-06-2025
09-06-2025
09-06-2025
09-06-2025
09-06-2025
09-06-2025
10-06-2025
10-06-2025
11-06-2025
11-06-2025
12-06-2025
12-06-2025
16-06-2025
16-06-2025
16-06-2025
16-06-2025
16-06-2025
16-06-2025
16-06-2025
16-06-2025
16-06-2025
16-06-2025
16-06-2025
16-06-2025
16-06-2025
16-06-2025
17-06-2025
17-06-2025
17-06-2025
17-06-2025
17-06-2025
17-06-2025
18-06-2025
18-06-2025
18-06-2025
18-06-2025
19-06-2025
19-06-2025
20-06-2025
20-06-2025
20-06-2025
20-06-2025
24-06-2025
24-06-2025
24-06-2025
24-06-2025
24-06-2025
24-06-2025
24-06-2025
24-06-2025
24-06-2025
24-06-2025
24-06-2025
24-06-2025
24-06-2025
24-06-2025
25-06-2025
25-06-2025
25-06-2025
25-06-2025
25-06-2025
25-06-2025
26-06-2025
26-06-2025
26-06-2025
27-06-2025
27-06-2025
30-06-2025","CARGO POR IMPUESTO 4X1.000
COMPRA POS ASC OXXO EDS VERAGUAS
CARGO POR IMPUESTO 4X1.000
COMPRA POS ASC OXXO EDS VERAGUAS
CARGO POR IMPUESTO 4X1.000
COMPRA POS RED CALENTAO DE LA OC
CARGO POR IMPUESTO 4X1.000
COMPRA POS ASC DLO*DiDi Food CO
CARGO POR IMPUESTO 4X1.000
COMPRA POS ASC TDA DE CAFE JUAN
CARGO POR IMPUESTO 4X1.000
COMPRA POS ASC DLO*DiDi Food CO
CARGO POR IMPUESTO 4X1.000
COMPRA POS RED SANTUARIO DEL SE
CARGO POR IMPUESTO 4X1.000
COMPRA POS ASC BOLD*Lluvia de po
CARGO POR IMPUESTO 4X1.000
COMPRA POS ASC MERCADO PAGO*MERC
CARGO POR IMPUESTO 4X1.000
COMPRA POS ASC DLO*DiDi Food CO
CARGO POR IMPUESTO 4X1.000
COMPRA POS ASC TIENDAS ARA
CARGO POR IMPUESTO 4X1.000
COMPRA POS ASC DLO*DiDi Food CO
CARGO POR IMPUESTO 4X1.000
COMPRA POS RED NOVAVENTA BOG COD
CARGO POR IMPUESTO 4X1.000
COMPRA POS ASC BOLD*La Barrita D
CARGO POR IMPUESTO 4X1.000
PAGO T.CREDITO ENLACE DE APLICATIVO
CARGO POR IMPUESTO 4X1.000
COMPRA POS ASC TDA DE CAFE JUAN
CARGO POR IMPUESTO 4X1.000
COMPRA POS ASC DLO*DiDi Food CO
CARGO POR IMPUESTO 4X1.000
COMPRA POS ASC TDA DE CAFE JUAN
CARGO POR IMPUESTO 4X1.000
COMPRA POS ASC DLO*DiDi Food CO
CARGO POR IMPUESTO 4X1.000
COMPRA POS RED DL*DIDI RIDES CO
CARGO POR IMPUESTO 4X1.000
COMPRA POS ASC TDA DE CAFE JUAN
CARGO POR IMPUESTO 4X1.000
COMPRA POS ASC DLO*Didi
CARGO POR IMPUESTO 4X1.000
PAGO PSE COMERCIO O FACTURA ENLACE DE APLICATIVO
CARGO POR IMPUESTO 4X1.000
COMPRA POS ASC DLO*Didi
CARGO POR IMPUESTO 4X1.000
COMPRA POS ASC DLO*Didi
CARGO POR IMPUESTO 4X1.000
COMPRA POS RED DOROTEA PARRILLA
CARGO POR IMPUESTO 4X1.000
COMPRA POS ASC TDA DE CAFE JUAN
CARGO POR IMPUESTO 4X1.000
COMPRA POS ASC DLO*GOOGLE Google
CARGO POR IMPUESTO 4X1.000
COMPRA POS RED ARBOL DE VIDA
CARGO POR IMPUESTO 4X1.000
COMPRA POS ASC OXXO CASTILLO 72
CARGO POR IMPUESTO 4X1.000
COMPRA POS RED ENSAMBLADORA UNIV
ABONO DOMI. 860031028 CENTRO CORPORATIVO
CARGO POR IMPUESTO 4X1.000
PAGO PSE COMERCIO O FACTURA ENLACE DE APLICATIVO
CARGO POR IMPUESTO 4X1.000
COMPRA POS RED EL CARNAL CITYU
ABONO POR INTERESES DE CUENTA","99.00
24,650.00
143.00
35,850.00
458.00
114,500.00
87.00
21,700.00
68.00
16,900.00
92.00
22,918.00
50.00
12,400.00
96.00
24,000.00
78.00
19,400.00
81.00
20,200.00
545.00
136,320.00
121.00
30,273.00
17.00
4,300.00
71.00
17,850.00
402.00
100,444.00
32.00
7,900.00
87.00
21,800.00
32.00
7,900.00
87.00
21,800.00
40.00
10,000.00
32.00
7,900.00
89.00
22,300.00
401.00
100,210.00
36.00
8,973.00
172.00
43,100.00
90.00
22,500.00
32.00
7,900.00
36.00
8,900.00
880.00
220,000.00
19.00
4,800.00
201.00
50,250.00
400.00
100,000.00
139.00
34,800.00","5,396,371.00
61.00","5,529,731.20
5,505,081.20
5,504,938.20
5,469,088.20
5,468,630.20
5,354,130.20
5,354,043.20
5,332,343.20
5,332,275.20
5,315,375.20
5,315,283.20
5,292,365.20
5,292,315.20
5,279,915.20
5,279,819.20
5,255,819.20
5,255,741.20
5,236,341.20
5,236,260.20
5,216,060.20
5,215,515.20
5,079,195.20
5,079,074.20
5,048,801.20
5,048,784.20
5,044,484.20
5,044,413.20
5,026,563.20
5,026,161.20
4,925,717.20
4,925,685.20
4,917,785.20
4,917,698.20
4,895,898.20
4,895,866.20
4,887,966.20
4,887,879.20
4,866,079.20
4,866,039.20
4,856,039.20
4,856,007.20
4,848,107.20
4,848,018.20
4,825,718.20
4,825,317.20
4,725,107.20
4,725,071.20
4,716,098.20
4,715,926.20
4,672,826.20
4,672,736.20
4,650,236.20
4,650,204.20
4,642,304.20
4,642,268.20
4,633,368.20
4,632,488.20
4,412,488.20
4,412,469.20
4,407,669.20
4,407,468.20
4,357,218.20
9,753,589.20
9,753,189.20
9,653,189.20
9,653,050.20
9,618,250.20
9,618,311.20",06-Junio_unlocked
,,,,,,,07-Julio_fix_unlocked
"673
674
675
676
677
678
679
680
681
682
683
684
685
686
687
688
689
690
691
692
693
694
695
696
697
698
699
700
701
702","28-06-2025
28-06-2025
30-06-2025
30-06-2025
30-06-2025
30-06-2025
01-07-2025
01-07-2025
01-07-2025
01-07-2025
01-07-2025
01-07-2025
02-07-2025
02-07-2025
03-07-2025
03-07-2025
03-07-2025
03-07-2025
03-07-2025
03-07-2025
04-07-2025
04-07-2025
04-07-2025
04-07-2025
04-07-2025
04-07-2025
06-07-2025
06-07-2025
06-07-2025
06-07-2025","01-07-2025
01-07-2025
01-07-2025
01-07-2025
01-07-2025
01-07-2025
01-07-2025
01-07-2025
01-07-2025
01-07-2025
01-07-2025
01-07-2025
02-07-2025
02-07-2025
03-07-2025
03-07-2025
04-07-2025
04-07-2025
04-07-2025
04-07-2025
04-07-2025
04-07-2025
07-07-2025
07-07-2025
07-07-2025
07-07-2025
07-07-2025
07-07-2025
07-07-2025
07-07-2025","CARGO POR IMPUESTO 4X1.000
PAGO PSE COMERCIO O FACTURA ENLACE DE APLICATIVO
CARGO POR IMPUESTO 4X1.000
PAGO PSE COMERCIO O FACTURA ENLACE DE APLICATIVO
CARGO POR IMPUESTO 4X1.000
PAGO PSE COMERCIO O FACTURA ENLACE DE APLICATIVO
CARGO POR IMPUESTO 4X1.000
PAGO PSE COMERCIO O FACTURA ENLACE DE APLICATIVO
CARGO POR IMPUESTO 4X1.000
COMPRA POS ASC TDA DE CAFE JUAN
CARGO POR IMPUESTO 4X1.000
COMPRA POS RED R25 CREPESYWAFFLE
CARGO POR IMPUESTO 4X1.000
COMPRA POS ASC DLO*DiDi Food CO
CARGO POR IMPUESTO 4X1.000
COMPRA POS ASC OXXO CONNECTA 80
CARGO POR IMPUESTO 4X1.000
COMPRA POS RED SUBWAY EDS CALLE
CARGO POR IMPUESTO 4X1.000
COMPRA POS ASC DLO*Didi
CARGO POR IMPUESTO 4X1.000
COMPRA POS ASC FRISBY I-07
CARGO POR IMPUESTO 4X1.000
COMPRA POS RED DL*DIDI RIDES CO
CARGO POR IMPUESTO 4X1.000
COMPRA POS RED DL*DIDI RIDES CO
CARGO POR IMPUESTO 4X1.000
COMPRA POS ASC DLO*DiDi Food CO
CARGO POR IMPUESTO 4X1.000
COMPRA POS ASC TIENDAS ARA","200.00
50,000.00
400.00
100,000.00
400.00
100,000.00
2,916.00
729,000.00
46.00
11,500.00
67.00
16,700.00
87.00
21,750.00
25.00
6,200.00
120.00
29,900.00
33.00
8,200.00
318.00
79,500.00
48.00
11,900.00
20.00
5,000.00
113.00
28,276.00
458.00
114,380.00",,"9,618,111.20
9,568,111.20
9,567,711.20
9,467,711.20
9,467,311.20
9,367,311.20
9,364,395.20
8,635,395.20
8,635,349.20
8,623,849.20
8,623,782.20
8,607,082.20
8,606,995.20
8,585,245.20
8,585,220.20
8,579,020.20
8,578,900.20
8,549,000.20
8,548,967.20
8,540,767.20
8,540,449.20
8,460,949.20
8,460,901.20
8,449,001.20
8,448,981.20
8,443,981.20
8,443,868.20
8,415,592.20
8,415,134.20
8,300,754.20",07-Julio_fix_unlocked
,,,,,,,07-Julio_fix_unlocked
"703
704
705
706
707
708
709
710
711
712
713
714
715
716
717
718
719
720
721
722
723
724
725
726
727
728
729
730
731
732
733
734
735
736
737
738
739
740
741
742
743
744
745
746
747
748
749
750
751
752
753
754
755
756
757
758
759
760
761
762
763
764
765
766
767
768
769
770
771
772
773
774","07-07-2025
07-07-2025
07-07-2025
07-07-2025
07-07-2025
07-07-2025
08-07-2025
08-07-2025
09-07-2025
09-07-2025
09-07-2025
09-07-2025
09-07-2025
10-07-2025
10-07-2025
11-07-2025
11-07-2025
11-07-2025
11-07-2025
11-07-2025
11-07-2025
12-07-2025
12-07-2025
13-07-2025
13-07-2025
14-07-2025
14-07-2025
14-07-2025
14-07-2025
15-07-2025
15-07-2025
15-07-2025
15-07-2025
16-07-2025
16-07-2025
16-07-2025
16-07-2025
16-07-2025
16-07-2025
17-07-2025
17-07-2025
17-07-2025
17-07-2025
18-07-2025
18-07-2025
18-07-2025
18-07-2025
19-07-2025
19-07-2025
19-07-2025
19-07-2025
20-07-2025
20-07-2025
21-07-2025
21-07-2025
21-07-2025
21-07-2025
22-07-2025
22-07-2025
22-07-2025
22-07-2025
22-07-2025
22-07-2025
23-07-2025
23-07-2025
24-07-2025
24-07-2025
24-07-2025
24-07-2025
25-07-2025
25-07-2025
26-07-2025","07-07-2025
07-07-2025
08-07-2025
08-07-2025
08-07-2025
08-07-2025
08-07-2025
08-07-2025
09-07-2025
09-07-2025
09-07-2025
09-07-2025
09-07-2025
10-07-2025
10-07-2025
11-07-2025
11-07-2025
11-07-2025
11-07-2025
11-07-2025
11-07-2025
14-07-2025
14-07-2025
14-07-2025
14-07-2025
14-07-2025
14-07-2025
14-07-2025
14-07-2025
15-07-2025
15-07-2025
15-07-2025
15-07-2025
16-07-2025
16-07-2025
16-07-2025
16-07-2025
16-07-2025
16-07-2025
17-07-2025
17-07-2025
17-07-2025
17-07-2025
18-07-2025
18-07-2025
18-07-2025
18-07-2025
21-07-2025
21-07-2025
21-07-2025
21-07-2025
21-07-2025
21-07-2025
21-07-2025
21-07-2025
21-07-2025
21-07-2025
22-07-2025
22-07-2025
22-07-2025
22-07-2025
22-07-2025
22-07-2025
23-07-2025
23-07-2025
24-07-2025
24-07-2025
24-07-2025
24-07-2025
25-07-2025
25-07-2025
28-07-2025","CARGO POR IMPUESTO 4X1.000
COMPRA POS ASC DLO*DiDi Food CO
CARGO POR IMPUESTO 4X1.000
Transferiste desde BBVA MOVIL a Emilio Zea ENLACE DE APL
CARGO POR IMPUESTO 4X1.000
Transferiste desde BBVA MOVIL a Emilio Zea ENLACE DE APL
CARGO POR IMPUESTO 4X1.000
COMPRA POS RED TOSTAO CAFE Y PAN
CARGO POR IMPUESTO 4X1.000
COMPRA POS ASC DLO*DiDi Food CO
ABONO TERCEROS BANCO BMOVIL APP ENLACE DE APLICATIVO
CARGO POR IMPUESTO 4X1.000
COMPRA POS ASC DLO*Didi
CARGO POR IMPUESTO 4X1.000
COMPRA POS ASC RESTAURANTE WOK
CARGO POR IMPUESTO 4X1.000
COMPRA POS ASC CENTRO EMPRESARIA
CARGO POR IMPUESTO 4X1.000
COMPRA POS RED MATUKA
CARGO POR IMPUESTO 4X1.000
PAGO PSE COMERCIO O FACTURA ENLACE DE APLICATIVO
CARGO POR IMPUESTO 4X1.000
PAGO PSE COMERCIO O FACTURA ENLACE DE APLICATIVO
CARGO POR IMPUESTO 4X1.000
COMPRA POS ASC RESTAURANTE GATIN
CARGO POR IMPUESTO 4X1.000
COMPRA POS ASC DLO*DiDi Food CO
CARGO POR IMPUESTO 4X1.000
COMPRA POS ASC TDA DE CAFE JUAN
CARGO POR IMPUESTO 4X1.000
COMPRA POS ASC DLO*DiDi Food CO
CARGO POR IMPUESTO 4X1.000
COMPRA POS ASC TDA DE CAFE JUAN
CARGO POR IMPUESTO 4X1.000
COMPRA POS ASC PAYU*ROBINFOOD CO
CARGO POR IMPUESTO 4X1.000
COMPRA POS ASC OXXO UNIVERSITARI
CARGO POR IMPUESTO 4X1.000
COMPRA POS RED TOSTAO CAFE Y PAN
CARGO POR IMPUESTO 4X1.000
COMPRA POS ASC OXXO CONNECTA 80
CARGO POR IMPUESTO 4X1.000
COMPRA POS RED TOSTAO CAFE Y PAN
CARGO POR IMPUESTO 4X1.000
COMPRA POS ASC PAYU*ROBINFOOD CO
CARGO POR IMPUESTO 4X1.000
COMPRA POS ASC HAMBURGUESAS EL C
CARGO POR IMPUESTO 4X1.000
COMPRA POS ASC ARBOL DE VIDA
CARGO POR IMPUESTO 4X1.000
COMPRA POS RED TDC CAROLINA 127
CARGO POR IMPUESTO 4X1.000
PAGO PSE COMERCIO O FACTURA ENLACE DE APLICATIVO
CARGO POR IMPUESTO 4X1.000
COMPRA POS ASC DLO*DiDi Food CO
CARGO POR IMPUESTO 4X1.000
COMPRA POS RED TOSTAO CAFE Y PAN
CARGO POR IMPUESTO 4X1.000
COMPRA POS RED CALENTAO DE LA OC
CARGO POR IMPUESTO 4X1.000
COMPRA POS ASC SPID 35 CARRERA 3
CARGO POR IMPUESTO 4X1.000
COMPRA POS ASC TDA DE CAFE JUAN
CARGO POR IMPUESTO 4X1.000
COMPRA POS RED TOSTAO CAFE Y PAN
CARGO POR IMPUESTO 4X1.000
COMPRA POS RED TOSTAO CAFE Y PAN
CARGO POR IMPUESTO 4X1.000
COMPRA POS ASC DLO*GOOGLE Google
CARGO POR IMPUESTO 4X1.000
COMPRA POS RED TOSTAO CAFE Y PAN
CARGO POR IMPUESTO 4X1.000","77.00
19,300.00
3,200.00
800,000.00
360.00
90,000.00
22.00
5,600.00
160.00
40,014.00
70.00
17,600.00
276.00
68,885.00
48.00
12,000.00
121.00
30,250.00
401.00
100,210.00
200.00
50,000.00
616.00
154,000.00
83.00
20,625.00
32.00
7,900.00
87.00
21,750.00
32.00
7,900.00
69.00
17,250.00
26.00
6,400.00
12.00
3,100.00
20.00
5,100.00
12.00
3,100.00
69.00
17,350.00
172.00
42,900.00
880.00
220,000.00
30.00
7,400.00
88.00
22,000.00
77.00
19,200.00
18.00
4,600.00
164.00
41,000.00
23.00
5,650.00
36.00
8,900.00
18.00
4,600.00
12.00
3,100.00
36.00
8,900.00
22.00
5,600.00
142.00","10,000.00","8,300,677.20
8,281,377.20
8,278,177.20
7,478,177.20
7,477,817.20
7,387,817.20
7,387,795.20
7,382,195.20
7,382,035.20
7,342,021.20
7,352,021.20
7,351,951.20
7,334,351.20
7,334,075.20
7,265,190.20
7,265,142.20
7,253,142.20
7,253,021.20
7,222,771.20
7,222,370.20
7,122,160.20
7,121,960.20
7,071,960.20
7,071,344.20
6,917,344.20
6,917,261.20
6,896,636.20
6,896,604.20
6,888,704.20
6,888,617.20
6,866,867.20
6,866,835.20
6,858,935.20
6,858,866.20
6,841,616.20
6,841,590.20
6,835,190.20
6,835,178.20
6,832,078.20
6,832,058.20
6,826,958.20
6,826,946.20
6,823,846.20
6,823,777.20
6,806,427.20
6,806,255.20
6,763,355.20
6,762,475.20
6,542,475.20
6,542,445.20
6,535,045.20
6,534,957.20
6,512,957.20
6,512,880.20
6,493,680.20
6,493,662.20
6,489,062.20
6,488,898.20
6,447,898.20
6,447,875.20
6,442,225.20
6,442,189.20
6,433,289.20
6,433,271.20
6,428,671.20
6,428,659.20
6,425,559.20
6,425,523.20
6,416,623.20
6,416,601.20
6,411,001.20
6,410,859.20",07-Julio_fix_unlocked
,,,,,,,07-Julio_fix_unlocked
"775
776
777
778
779
780
781
782
783
784
785
786
787
788
789
790
791
792
793
794
795
796
797
798
799
800
801","26-07-2025
26-07-2025
26-07-2025
27-07-2025
27-07-2025
27-07-2025
27-07-2025
29-07-2025
29-07-2025
29-07-2025
29-07-2025
29-07-2025
29-07-2025
30-07-2025
30-07-2025
30-07-2025
30-07-2025
30-07-2025
30-07-2025
30-07-2025
30-07-2025
30-07-2025
30-07-2025
30-07-2025
30-07-2025
30-07-2025
31-07-2025","28-07-2025
28-07-2025
28-07-2025
28-07-2025
28-07-2025
28-07-2025
29-07-2025
29-07-2025
29-07-2025
29-07-2025
29-07-2025
29-07-2025
30-07-2025
30-07-2025
30-07-2025
30-07-2025
30-07-2025
30-07-2025
30-07-2025
30-07-2025
30-07-2025
30-07-2025
30-07-2025
30-07-2025
30-07-2025
31-07-2025","COMPRA POS ASC DLO*DiDi Food CO
CARGO POR IMPUESTO 4X1.000
COMPRA POS ASC DLO*DiDi Food CO
CARGO POR IMPUESTO 4X1.000
COMPRA POS ASC DLO*DiDi Food CO
CARGO POR IMPUESTO 4X1.000
COMPRA POS ASC TIENDAS ARA
CARGO POR IMPUESTO 4X1.000
PAGO PSE COMERCIO O FACTURA ENLACE DE APLICATIVO
CARGO POR IMPUESTO 4X1.000
COMPRA POS ASC MONTOLIVO PASTA E
CARGO POR IMPUESTO 4X1.000
COMPRA POS RED TOSTAO CAFE Y PAN
ABONO DOMI. 860031028 CENTRO CORPORATIVO
CARGO POR IMPUESTO 4X1.000
COMPRA POS ASC RAPPI*RAPPI COLOM
CARGO POR IMPUESTO 4X1.000
COMPRA POS ASC RAPPI*RAPPI COLOM
ANU. COM DECRETO
REVERSO COMPRA POS
CARGO POR IMPUESTO 4X1.000
PAGO PSE COMERCIO O FACTURA ENLACE DE APLICATIVO
CARGO POR IMPUESTO 4X1.000
COMPRA POS RED TOSTAO CAFE Y PAN
CARGO POR IMPUESTO 4X1.000
COMPRA POS ASC OXXO EDS LAS AGUA
ABONO POR INTERESES DE CUENTA","35,622.00
106.00
26,613.00
149.00
37,358.00
631.00
157,670.00
2,916.00
729,000.00
152.00
38,000.00
43.00
10,700.00
1.00
275.00
274.00
68,400.00
401.00
100,210.00
12.00
3,100.00
16.00
4,100.00","3,730,830.00
1.00
275.00
73.00","6,375,237.20
6,375,131.20
6,348,518.20
6,348,369.20
6,311,011.20
6,310,380.20
6,152,710.20
6,149,794.20
5,420,794.20
5,420,642.20
5,382,642.20
5,382,599.20
5,371,899.20
9,102,729.20
9,102,728.20
9,102,453.20
9,102,179.20
9,033,779.20
9,033,780.20
9,034,055.20
9,033,654.20
8,933,444.20
8,933,432.20
8,930,332.20
8,930,316.20
8,926,216.20
8,926,289.20",07-Julio_fix_unlocked
,,,,,,,08-Agosto_unlocked
"802
803
804
805
806
807
808
809
810
811
812
813
814
815
816
817
818
819
820
821
822
823
824
825
826
827
828
829
830
831","01-08-2025
01-08-2025
01-08-2025
01-08-2025
02-08-2025
02-08-2025
04-08-2025
04-08-2025
05-08-2025
05-08-2025
05-08-2025
05-08-2025
06-08-2025
06-08-2025
06-08-2025
06-08-2025
06-08-2025
06-08-2025
07-08-2025
07-08-2025
07-08-2025
07-08-2025
08-08-2025
08-08-2025
09-08-2025
09-08-2025
09-08-2025
09-08-2025
09-08-2025
09-08-2025","01-08-2025
01-08-2025
01-08-2025
01-08-2025
04-08-2025
04-08-2025
04-08-2025
04-08-2025
05-08-2025
05-08-2025
05-08-2025
05-08-2025
06-08-2025
06-08-2025
06-08-2025
06-08-2025
06-08-2025
06-08-2025
08-08-2025
08-08-2025
08-08-2025
08-08-2025
08-08-2025
08-08-2025
11-08-2025
11-08-2025
11-08-2025
11-08-2025
11-08-2025
11-08-2025","CARGO POR IMPUESTO 4X1.000
Transferiste a Emilio Zea
CARGO POR IMPUESTO 4X1.000
COMPRA POS RED TOSTAO CAFE Y PAN
CARGO POR IMPUESTO 4X1.000
COMPRA POS ASC FUNDACION MULATO
CARGO POR IMPUESTO 4X1.000
COMPRA POS RED TOSTAO CAFE Y PAN
CARGO POR IMPUESTO 4X1.000
PAGO PSE COMERCIO O FACTURA ENLACE DE APLICATIVO
CARGO POR IMPUESTO 4X1.000
COMPRA POS RED TOSTAO CAFE Y PAN
CARGO POR IMPUESTO 4X1.000
COMPRA POS RED DANIEL MAURICIO C
CARGO POR IMPUESTO 4X1.000
COMPRA POS ASC DLO*Didi
CARGO POR IMPUESTO 4X1.000
COMPRA POS RED TOSTAO CAFE Y PAN
CARGO POR IMPUESTO 4X1.000
PAGO PSE COMERCIO O FACTURA ENLACE DE APLICATIVO
CARGO POR IMPUESTO 4X1.000
COMPRA POS ASC DLO*DiDi Food CO
CARGO POR IMPUESTO 4X1.000
COMPRA POS ASC DLO*DiDi Food CO
CARGO POR IMPUESTO 4X1.000
COMPRA POS ASC BRASAS Y POLLOS M
CARGO POR IMPUESTO 4X1.000
COMPRA POS ASC PANADERIA Y PASTE
CARGO POR IMPUESTO 4X1.000
COMPRA POS ASC DLO*DiDi Food CO","3,260.00
815,000.00
12.00
3,100.00
260.00
65,000.00
22.00
5,600.00
800.00
200,000.00
28.00
7,100.00
3,080.00
770,000.00
57.00
14,155.00
12.00
3,100.00
136.00
34,000.00
174.00
43,519.00
176.00
44,088.00
212.00
52,900.00
260.00
65,000.00
118.00
29,610.00",,"8,923,029.20
8,108,029.20
8,108,017.20
8,104,917.20
8,104,657.20
8,039,657.20
8,039,635.20
8,034,035.20
8,033,235.20
7,833,235.20
7,833,207.20
7,826,107.20
7,823,027.20
7,053,027.20
7,052,970.20
7,038,815.20
7,038,803.20
7,035,703.20
7,035,567.20
7,001,567.20
7,001,393.20
6,957,874.20
6,957,698.20
6,913,610.20
6,913,398.20
6,860,498.20
6,860,238.20
6,795,238.20
6,795,120.20
6,765,510.20",08-Agosto_unlocked
,,,,,,,08-Agosto_unlocked
"832
833
834
835
836
837
838
839
840
841
842
843
844
845
846
847
848
849
850
851
852
853
854
855
856
857
858
859
860
861
862
863
864
865
866
867
868
869
870
871
872
873
874
875
876
877
878
879
880
881
882
883
884
885
886
887
888
889
890
891
892
893
894
895
896
897
898
899","10-08-2025
10-08-2025
10-08-2025
10-08-2025
10-08-2025
10-08-2025
12-08-2025
12-08-2025
13-08-2025
13-08-2025
13-08-2025
13-08-2025
14-08-2025
14-08-2025
15-08-2025
15-08-2025
15-08-2025
15-08-2025
16-08-2025
16-08-2025
16-08-2025
16-08-2025
17-08-2025
17-08-2025
18-08-2025
18-08-2025
18-08-2025
18-08-2025
18-08-2025
18-08-2025
19-08-2025
19-08-2025
19-08-2025
19-08-2025
19-08-2025
19-08-2025
20-08-2025
20-08-2025
20-08-2025
20-08-2025
21-08-2025
21-08-2025
21-08-2025
21-08-2025
22-08-2025
22-08-2025
23-08-2025
23-08-2025
24-08-2025
24-08-2025
24-08-2025
24-08-2025
24-08-2025
24-08-2025
25-08-2025
25-08-2025
25-08-2025
25-08-2025
25-08-2025
25-08-2025
25-08-2025
25-08-2025
28-08-2025
28-08-2025
28-08-2025
28-08-2025
28-08-2025
29-08-2025","11-08-2025
11-08-2025
11-08-2025
11-08-2025
11-08-2025
11-08-2025
12-08-2025
12-08-2025
13-08-2025
13-08-2025
13-08-2025
13-08-2025
14-08-2025
14-08-2025
15-08-2025
15-08-2025
15-08-2025
15-08-2025
19-08-2025
19-08-2025
19-08-2025
19-08-2025
19-08-2025
19-08-2025
19-08-2025
19-08-2025
19-08-2025
19-08-2025
19-08-2025
19-08-2025
19-08-2025
19-08-2025
19-08-2025
19-08-2025
20-08-2025
20-08-2025
20-08-2025
20-08-2025
20-08-2025
20-08-2025
21-08-2025
21-08-2025
22-08-2025
22-08-2025
22-08-2025
22-08-2025
25-08-2025
25-08-2025
25-08-2025
25-08-2025
25-08-2025
25-08-2025
25-08-2025
25-08-2025
25-08-2025
25-08-2025
25-08-2025
25-08-2025
26-08-2025
26-08-2025
26-08-2025
26-08-2025
28-08-2025
28-08-2025
28-08-2025
28-08-2025
28-08-2025
31-08-2025","CARGO POR IMPUESTO 4X1.000
COMPRA POS ASC DROGAS LA REBAJA
CARGO POR IMPUESTO 4X1.000
PAGO PSE COMERCIO O FACTURA ENLACE DE APLICATIVO
CARGO POR IMPUESTO 4X1.000
COMPRA POS ASC OXXO SANTA MATILD
CARGO POR IMPUESTO 4X1.000
COMPRA POS RED TOSTAO CAFE Y PAN
CARGO POR IMPUESTO 4X1.000
COMPRA POS RED FIT FAT FOOD
CARGO POR IMPUESTO 4X1.000
COMPRA POS ASC CRUZ VERDE CL 161
CARGO POR IMPUESTO 4X1.000
COMPRA POS ASC DLO*Didi
CARGO POR IMPUESTO 4X1.000
COMPRA POS ASC RAPPI*RAPPI COLOM
CARGO POR IMPUESTO 4X1.000
COMPRA POS RED TOSTAO CAFE Y PAN
CARGO POR IMPUESTO 4X1.000
COMPRA POS RED ARBOL DE VIDA
CARGO POR IMPUESTO 4X1.000
COMPRA POS ASC HAMBURGUESAS EL C
CARGO POR IMPUESTO 4X1.000
COMPRA POS ASC DLO*DiDi Food CO
CARGO POR IMPUESTO 4X1.000
COMPRA POS RED H07 CREPESYWAFFLE
CARGO POR IMPUESTO 4X1.000
RETIRO EN CAJERO BBVA HAYUELOS
CARGO POR IMPUESTO 4X1.000
COMPRA POS ASC DLO*Didi
CARGO POR IMPUESTO 4X1.000
COMPRA POS ASC DLO*DiDi Food CO
CARGO POR IMPUESTO 4X1.000
COMPRA POS ASC TDA DE CAFE JUAN
CARGO POR IMPUESTO 4X1.000
COMPRA POS RED SALCHIMONSTER CED
CARGO POR IMPUESTO 4X1.000
COMPRA POS ASC DLO*DiDi Food CO
CARGO POR IMPUESTO 4X1.000
PAGO PSE COMERCIO O FACTURA ENLACE DE APLICATIVO
CARGO POR IMPUESTO 4X1.000
COMPRA POS ASC DLO*DiDi Food CO
CARGO POR IMPUESTO 4X1.000
COMPRA POS ASC LUPIS MARIA MARRI
CARGO POR IMPUESTO 4X1.000
COMPRA POS RED NOVAVENTA BOG COD
CARGO POR IMPUESTO 4X1.000
COMPRA POS ASC FRUTITOS
CARGO POR IMPUESTO 4X1.000
PAGO PSE COMERCIO O FACTURA ENLACE DE APLICATIVO
CARGO POR IMPUESTO 4X1.000
COMPRA POS ASC OXXO SANTA MATILD
CARGO POR IMPUESTO 4X1.000
COMPRA POS ASC DLO*GOOGLE Google
CARGO POR IMPUESTO 4X1.000
COMPRA POS ASC DLO*DiDi Food CO
CARGO POR IMPUESTO 4X1.000
COMPRA POS ASC Mercado Pago*MERC
CARGO POR IMPUESTO 4X1.000
COMPRA POS ASC OXXO CEDRO
CARGO POR IMPUESTO 4X1.000
PAGO PSE COMERCIO O FACTURA ENLACE DE APLICATIVO
ABONO DOMI. 860031028 CENTRO CORPORATIVO
CARGO POR IMPUESTO 4X1.000
COMPRA POS ASC DLO*DiDi Food CO
CARGO POR IMPUESTO 4X1.000
COMPRA POS ASC TDA D CAFE JUAN V
ABONO POR INTERESES DE CUENTA","59.00
14,780.00
2,000.00
500,000.00
21.00
5,300.00
12.00
3,100.00
152.00
37,900.00
60.00
14,950.00
65.00
16,222.00
125.00
31,150.00
12.00
3,100.00
880.00
220,000.00
172.00
42,900.00
95.00
23,650.00
114.00
28,600.00
200.00
50,000.00
78.00
19,500.00
94.00
23,600.00
30.00
7,500.00
120.00
29,900.00
171.00
42,836.00
401.00
100,210.00
80.00
19,970.00
116.00
29,000.00
15.00
3,800.00
142.00
35,500.00
88.00
22,000.00
51.00
12,800.00
36.00
8,900.00
103.00
25,723.00
240.00
60,000.00
91.00
22,800.00
2,916.00
729,000.00
106.00
26,448.00
135.00
33,800.00","3,924,752.00
66.00","6,765,451.20
6,750,671.20
6,748,671.20
6,248,671.20
6,248,650.20
6,243,350.20
6,243,338.20
6,240,238.20
6,240,086.20
6,202,186.20
6,202,126.20
6,187,176.20
6,187,111.20
6,170,889.20
6,170,764.20
6,139,614.20
6,139,602.20
6,136,502.20
6,135,622.20
5,915,622.20
5,915,450.20
5,872,550.20
5,872,455.20
5,848,805.20
5,848,691.20
5,820,091.20
5,819,891.20
5,769,891.20
5,769,813.20
5,750,313.20
5,750,219.20
5,726,619.20
5,726,589.20
5,719,089.20
5,718,969.20
5,689,069.20
5,688,898.20
5,646,062.20
5,645,661.20
5,545,451.20
5,545,371.20
5,525,401.20
5,525,285.20
5,496,285.20
5,496,270.20
5,492,470.20
5,492,328.20
5,456,828.20
5,456,740.20
5,434,740.20
5,434,689.20
5,421,889.20
5,421,853.20
5,412,953.20
5,412,850.20
5,387,127.20
5,386,887.20
5,326,887.20
5,326,796.20
5,303,996.20
5,301,080.20
4,572,080.20
8,496,832.20
8,496,726.20
8,470,278.20
8,470,143.20
8,436,343.20
8,436,409.20",08-Agosto_unlocked
